Time,Total_Counts
1775258455.1243958,26.0
1775258465.1314757,152.0
1775258475.1394644,181.0
1775258485.1474183,152.0
1775258495.1552386,175.0
1775258505.1629763,171.0
1775258515.167437,171.0
1775258525.174999,176.0
1775258535.182485,189.0
1775258545.1898963,184.0
1775258555.1972344,178.0
1775258565.2044902,178.0
1775258575.2117023,188.0
